{
	"name" : "Phobos",
	"Base" :
	{
		"surfaceGravity" : 1,
		"surfaceSize" : 20,
		"hasMapMarker" : true,
		"hasAmbientLight" : true,
	},
	"Orbit" :
	{
		"semiMajorAxis" : 400,
		"inclination" : 1,
		"primaryBody" : "Mars",
		"isMoon" : true,
		"longitudeOfAscendingNode" : 0,
		"eccentricity" : 0,
		"argumentOfPeriapsis": 0,
		"axialTilt" : 0,
	},
	"HeightMap" :
	{
		"heightMap" : "planets/assets/phobos_heightmap.png",	
		"textureMap" : "planets/assets/phobos_texturemap.png",	
		"minHeight" : 20,
		"maxHeight" : 25,
	}
}