{
	"name" : "Pluto",
	"Base" :
	{
		"surfaceGravity" : 2,
		"surfaceSize" : 100,
		"hasMapMarker" : true,
		"hasAmbientLight" : true,
	},
	"Orbit" :
	{
		"semiMajorAxis" : 18000,
		"inclination" : 12,
		"primaryBody" : "SUN",
		"isMoon" : false,
		"longitudeOfAscendingNode" : 0,
		"eccentricity" : 0.1,
		"argumentOfPeriapsis": 0,
		"axialTilt" : 122,
	},
	"Atmosphere" :
	{
		"size" : 110,
		"fogTint" : 
		{
			"r" : 90,
			"g" : 128,
			"b" : 128,
			"a" : 255
		},
		"fogDensity": 0.1,
		"fogSize": 110,
	},
	"HeightMap" :
	{
		"heightMap" : "planets/assets/pluto_heightmap.png",	
		"textureMap" : "planets/assets/pluto_texturemap.png",	
		"minHeight" : 99,
		"maxHeight" : 101,
	}
}