{
	"name" : "Saturn",
	"Base" :
	{
		"surfaceGravity" : 20,
		"surfaceSize" : 300,
		"hasMapMarker" : true,
		"hasAmbientLight" : true,
	},
	"Orbit" :
	{
		"semiMajorAxis" : 13000,
		"inclination" : 3,
		"primaryBody" : "Sun",
		"isMoon" : false,
		"longitudeOfAscendingNode" : 113,
		"axialTilt" : 26,
		"trueAnomaly" : 339,
		"siderealPeriod" : 30,
	},
	"Atmosphere" :
	{
		"size" : 400,
		"cloudTint" : 
		{
			"r" : 181,
			"g" : 181,
			"b" : 230,
			"a" : 255
		},
		"cloud" : "planets/assets/saturn.png",
		"fogTint" : 
		{
			"r" : 255,
			"g" : 128,
			"b" : 128,
			"a" : 255
		},
		"fogDensity": 0.9,
		"fogSize": 400,
	},
	"Ring" : 
	{
		"innerRadius" : 500,
		"outerRadius" : 950,
		"texture" : "planets/assets/saturn_rings.png",
	},
}