{
	"name" : "Cassini",
	"starSystem" : "SolSystem",
	"Base" :
	{
		"surfaceGravity" : 0,
		"hasMapMarker" : false,
		"isSatellite" : true
	},
	"Orbit" :
	{
		"semiMajorAxis" : 1000,
		"primaryBody" : "Saturn",
		"showOrbitLine" : true
	},
	"Signal" : 
	{
		"Signals" : 
		[
			{ "Frequency" : "Radio", "Name" : "Cassini", "AudioClip" : "OW_PR_ProbeInAirSound", "SourceRadius" : 10, "detectionRadius": 200, "identificationRadius" : 100 }
		]
	},
	"Props" :
	{
		"Details" :
		[
			{ "assetBundle" : "planets/assetbundle/rss", "path" : "Assets/RSS/Prefabs/Cassini.prefab" }
		]
	}
}