{
	"name" : "Russel's Teapot",
	"starSystem" : "SolSystem",
	"Base" :
	{
		"surfaceGravity" : 0,
		"hasMapMarker" : false,
		"isSatellite" : true
	},
	"Orbit" :
	{
		"semiMajorAxis" : 7000,
		"inclination" : 5,
		"trueAnomaly" : 65,
		"primaryBody" : "Sol",
		"showOrbitLine" : false
	},
	"Signal" : 
	{
		"Signals" : 
		[
			{ "Frequency" : "Traveler", "Name" : "Russel's Teapot", "AudioClip" : "OW Space Station 081420_2 AP", "SourceRadius" : 1, "detectionRadius": 200, "identificationRadius" : 100 }
		]
	},
	"Props" :
	{
		"Details" :
		[
			{ "assetBundle" : "planets/assetbundle/rss", "path" : "Assets/RSS/Prefabs/Teapot.prefab" }
		]
	}
}