{
	"name" : "Io",
	"starSystem" : "SolSystem",
	"Base" :
	{
		"surfaceGravity" : 8,
		"surfaceSize" : 50,
		"hasMapMarker" : true,
		"hasAmbientLight" : true
	},
	"Orbit" :
	{
		"semiMajorAxis" : 800,
		"primaryBody" : "Jupiter",
		"isMoon" : true,
		"isTidallyLocked" : true
	},
	"Atmosphere" :
	{
		"size" : 70,
		"fogTint" : 
		{
			"r" : 200,
			"g" : 128,
			"b" : 128,
			"a" : 255
		},
		"fogDensity": 1.0,
		"fogSize": 70
	},
	"HeightMap" :
	{
		"heightMap" : "planets/assets/blank_heightmap.png",	
		"textureMap" : "planets/assets/io_texturemap.png",	
		"minHeight" : 50,
		"maxHeight" : 50
	}
}