{
	"name" : "Proxima Centauri",
	"starSystem" : "SolSystem",
	"Base" :
	{
		"surfaceGravity" : 50,
		"surfaceSize" : 1000,
		"hasMapMarker" : true,
		"gravityFallOff" : "inverseSquared"
	},
	"Orbit" :
	{
		"semiMajorAxis" : 40000,
		"trueAnomaly" : 270,
		"argumentOfPeriapsis" : 270,
		"primaryBody" : "Alpha Centauri A",
		"showOrbitLine" : false,
		"isStatic" : true
	},
	"Star" :
	{
		"size" : 400,
		"tint" : 
		{
			"r" : 200,
			"g" : 44,
			"b" : 44,
			"a" : 255
		}
	}
}