{
	"name" : "Proxima C",
	"Base" :
	{
		"surfaceGravity" : 12,
		"surfaceSize" : 200,
		"hasMapMarker" : true,
		"hasAmbientLight" : true,
		"waterSize" : 200
	},
	"Orbit" :
	{
		"semiMajorAxis" : 4000,
		"inclination" : 3,
		"primaryBody" : "Proxima Centauri",
		"isMoon" : false,
		"longitudeOfAscendingNode" : 74,
		"axialTilt" : 27,
		"trueAnomaly" : 142,
		"siderealPeriod" : 30
	},
	"Atmosphere" :
	{
		"size" : 300,
		"cloudTint" : 
		{
			"r" : 181,
			"g" : 181,
			"b" : 230,
			"a" : 255
		},
		"cloud" : "planets/assets/Proxima C.png",
		"fogTint" : 
		{
			"r" : 128,
			"g" : 128,
			"b" : 255,
			"a" : 255
		},
		"fogDensity": 0.9,
		"fogSize": 300,
		"hasAtmosphere" : true,
		"atmosphereTint" : 
		{
			"r" : 181,
			"g" : 181,
			"b" : 230,
			"a" : 255
		}
	},
	"Ring" : 
	{
		"innerRadius" : 400,
		"outerRadius" : 600,
		"texture" : "planets/assets/proxima_c_rings.png",
	}
}