{
	"name" : "Proxima B",
	"starSystem" : "SolSystem",
	"Base" :
	{
		"surfaceGravity" : 8,
		"surfaceSize" : 150,
		"hasMapMarker" : true,
		"hasAmbientLight" : true
	},
	"Orbit" :
	{
		"semiMajorAxis" : 2000,
		"inclination" : 0,
		"primaryBody" : "Proxima Centauri",
		"isMoon" : false,
		"longitudeOfAscendingNode" : 74,
		"axialTilt" : 0,
		"trueAnomaly" : 0,
		"isTidallyLocked" : true,
		"hasAtmosphere" : true,
		"atmosphereTint" : 
		{
			"r" : 180,
			"g" : 180,
			"b" : 30,
			"a" : 255
		}
	},
	"HeightMap" :
	{
		"heightMap" : "planets/assets/venus_heightmap.png",	
		"textureMap" : "planets/assets/Alpha Centauri Ab.png",	
		"minHeight" : 150,
		"maxHeight" : 153
	}
}