{
	"name" : "Neptune",
	"Base" :
	{
		"surfaceGravity" : 20,
		"surfaceSize" : 300,
		"hasMapMarker" : true,
		"hasAmbientLight" : true
	},
	"Orbit" :
	{
		"semiMajorAxis" : 21000,
		"inclination" : 1,
		"primaryBody" : "Sol",
		"isMoon" : false,
		"longitudeOfAscendingNode" : 131,
		"axialTilt" : 28,
		"trueAnomaly" : 256,
		"siderealPeriod" : 30
	},
	"Atmosphere" :
	{
		"size" : 300,
		"cloudTint" : 
		{
			"r" : 181,
			"g" : 181,
			"b" : 230,
			"a" : 255
		},
		"cloud" : "planets/assets/neptune.png",
		"fogTint" : 
		{
			"r" : 128,
			"g" : 128,
			"b" : 255,
			"a" : 255
		},
		"fogDensity": 0.9,
		"fogSize": 300,
		"hasAtmosphere" : true,
		"atmosphereTint" : 
		{
			"r" : 10,
			"g" : 90,
			"b" : 220,
			"a" : 255
		}
	}
}