{
	"name" : "Deimos",
	"starSystem" : "SolSystem",
	"Base" :
	{
		"surfaceGravity" : 1,
		"surfaceSize" : 20,
		"hasMapMarker" : true,
		"hasAmbientLight" : true
	},
	"Orbit" :
	{
		"semiMajorAxis" : 650,
		"inclination" : 1,
		"primaryBody" : "Mars",
		"isMoon" : true,
		"longitudeOfAscendingNode" : 0,
		"eccentricity" : 0,
		"argumentOfPeriapsis": 0,
		"axialTilt" : 0
	},
	"HeightMap" :
	{
		"heightMap" : "planets/assets/deimos_heightmap.png",	
		"textureMap" : "planets/assets/deimos_texturemap.png",	
		"minHeight" : 10,
		"maxHeight" : 18
	}
}