{
	"name" : "Mars",
	"Base" :
	{
		"surfaceGravity" : 4,
		"surfaceSize" : 150,
		"hasMapMarker" : true,
		"hasAmbientLight" : true
	},
	"Orbit" :
	{
		"semiMajorAxis" : 8000,
		"inclination" : 5,
		"primaryBody" : "Sol",
		"isMoon" : false,
		"longitudeOfAscendingNode" : 50,
		"eccentricity" : 0,
		"argumentOfPeriapsis": 286,
		"axialTilt" : 25,
		"trueAnomaly" : 19.4,
		"siderealPeriod" : 50,
		"tint" : 
		{
			"r" : 249,
			"g" : 182,
			"b" : 192,
			"a" : 255
		}
	},
	"Atmosphere" :
	{
		"size" : 160,
		"fogTint" : 
		{
			"r" : 255,
			"g" : 128,
			"b" : 128,
			"a" : 255
		},
		"fogDensity": 0.1,
		"fogSize": 160,
		"hasAtmosphere" : true,
		"atmosphereTint" : 
		{
			"r" : 100,
			"g" : 30,
			"b" : 30,
			"a" : 255
		}
	},
	"HeightMap" :
	{
		"heightMap" : "planets/assets/mars_heightmap.png",	
		"textureMap" : "planets/assets/mars_texturemap.png",	
		"minHeight" : 150,
		"maxHeight" : 155
	},
	"Signal" : 
	{
		"Signals" : 
		[
			{ "Frequency" : "Radio", "Name" : "Perserverance Rover", "AudioClip" : "OW_PR_ProbeInAirSound", "SourceRadius" : 2, "Position" : {"x": 150.3908, "y": -8.638512, "z": -34.5191} }
		]
	},
	"Props" :
	{
		"Details" :
		[
			{ "assetBundle" : "planets/assetbundle/rss", "path" : "Assets/RSS/Prefabs/Rover.prefab", "position" : {"x": 150.3908, "y": -8.638512, "z": -34.5191}, "alignToNormal" : true }
		]
	}
}