{
	"name" : "Mercury",
	"Base" :
	{
		"surfaceGravity" : 6,
		"surfaceSize" : 100,
		"hasMapMarker" : true,
		"hasAmbientLight" : true
	},
	"Orbit" :
	{
		"semiMajorAxis" : 3000,
		"inclination" : 3,
		"primaryBody" : "Sol",
		"isMoon" : false,
		"longitudeOfAscendingNode" : 0,
		"eccentricity" : 0.1,
		"argumentOfPeriapsis": 0,
		"axialTilt" : 2,
		"trueAnomaly" : 0,
		"isTidallyLocked" : true,
		"tint" : 
		{
			"r" : 160,
			"g" : 135,
			"b" : 82,
			"a" : 255
		}
	},
	"HeightMap" :
	{
		"heightMap" : "planets/assets/mercury_heightmap.png",	
		"textureMap" : "planets/assets/mercury_texturemap.png",	
		"minHeight" : 100,
		"maxHeight" : 102
	}
}