{
	"name" : "Pluto",
	"starSystem" : "SolSystem",
	"Base" :
	{
		"surfaceGravity" : 8,
		"surfaceSize" : 100,
		"hasMapMarker" : true,
		"hasAmbientLight" : true
	},
	"Orbit" :
	{
		"semiMajorAxis" : 0,
		"primaryBody" : "Pluto-Charon",
		"isMoon" : true,
		"isTidallyLocked" : true
	},
	"Atmosphere" :
	{
		"size" : 110,
		"fogTint" : 
		{
			"r" : 90,
			"g" : 128,
			"b" : 128,
			"a" : 255
		},
		"fogDensity": 0.1,
		"fogSize": 110
	},
	"HeightMap" :
	{
		"heightMap" : "planets/assets/pluto_heightmap.png",	
		"textureMap" : "planets/assets/pluto_texturemap.png",	
		"minHeight" : 99,
		"maxHeight" : 101
	}
}